,pos1,pos2,dis,path,relative_dir
0,"(2, 2)","(2, 3)",1,"[[(2, 2), (2, 3)]]",
1,"(2, 2)","(2, 4)",2,"[[(2, 2), (2, 3), (2, 4)]]",
2,"(2, 2)","(2, 5)",3,"[[(2, 2), (2, 3), (2, 4), (2, 5)]]",
3,"(2, 2)","(2, 6)",4,"[[(2, 2), (2, 3), (2, 4), (2, 5), (2, 6)]]",
4,"(2, 2)","(3, 2)",1,"[[(2, 2), (3, 2)]]",['right']
5,"(2, 2)","(3, 6)",5,"[[(2, 2), (2, 3), (2, 4), (2, 5), (2, 6), (3, 6)]]","['right', 'down']"
6,"(2, 2)","(4, 2)",2,"[[(2, 2), (3, 2), (4, 2)]]",['right']
7,"(2, 2)","(4, 4)",8,"[[(2, 2), (3, 2), (4, 2), (5, 2), (6, 2), (6, 3), (6, 4), (5, 4), (4, 4)]]","['right', 'down']"
8,"(2, 2)","(4, 6)",6,"[[(2, 2), (2, 3), (2, 4), (2, 5), (2, 6), (3, 6), (4, 6)]]","['right', 'down']"
9,"(2, 2)","(5, 2)",3,"[[(2, 2), (3, 2), (4, 2), (5, 2)]]",['right']
10,"(2, 2)","(5, 4)",7,"[[(2, 2), (3, 2), (4, 2), (5, 2), (6, 2), (6, 3), (6, 4), (5, 4)]]","['right', 'down']"
11,"(2, 2)","(5, 6)",7,"[[(2, 2), (2, 3), (2, 4), (2, 5), (2, 6), (3, 6), (4, 6), (5, 6)]]","['right', 'down']"
12,"(2, 2)","(6, 2)",4,"[[(2, 2), (3, 2), (4, 2), (5, 2), (6, 2)]]",['right']
13,"(2, 2)","(6, 3)",5,"[[(2, 2), (3, 2), (4, 2), (5, 2), (6, 2), (6, 3)]]","['right', 'down']"
14,"(2, 2)","(6, 4)",6,"[[(2, 2), (3, 2), (4, 2), (5, 2), (6, 2), (6, 3), (6, 4)]]","['right', 'down']"
15,"(2, 2)","(6, 5)",7,"[[(2, 2), (3, 2), (4, 2), (5, 2), (6, 2), (6, 3), (6, 4), (6, 5)]]","['right', 'down']"
16,"(2, 2)","(6, 6)",8,"[[(2, 2), (3, 2), (4, 2), (5, 2), (6, 2), (6, 3), (6, 4), (6, 5), (6, 6)], [(2, 2), (2, 3), (2, 4), (2, 5), (2, 6), (3, 6), (4, 6), (5, 6), (6, 6)]]","['right', 'down']"
17,"(2, 3)","(2, 2)",1,"[[(2, 3), (2, 2)]]",
18,"(2, 3)","(2, 4)",1,"[[(2, 3), (2, 4)]]",
19,"(2, 3)","(2, 5)",2,"[[(2, 3), (2, 4), (2, 5)]]",
20,"(2, 3)","(2, 6)",3,"[[(2, 3), (2, 4), (2, 5), (2, 6)]]",
21,"(2, 3)","(3, 2)",2,"[[(2, 3), (2, 2), (3, 2)]]","['right', 'up']"
22,"(2, 3)","(3, 6)",4,"[[(2, 3), (2, 4), (2, 5), (2, 6), (3, 6)]]","['right', 'down']"
23,"(2, 3)","(4, 2)",3,"[[(2, 3), (2, 2), (3, 2), (4, 2)]]","['right', 'up']"
24,"(2, 3)","(4, 4)",9,"[[(2, 3), (2, 2), (3, 2), (4, 2), (5, 2), (6, 2), (6, 3), (6, 4), (5, 4), (4, 4)]]","['right', 'down']"
25,"(2, 3)","(4, 6)",5,"[[(2, 3), (2, 4), (2, 5), (2, 6), (3, 6), (4, 6)]]","['right', 'down']"
26,"(2, 3)","(5, 2)",4,"[[(2, 3), (2, 2), (3, 2), (4, 2), (5, 2)]]","['right', 'up']"
27,"(2, 3)","(5, 4)",8,"[[(2, 3), (2, 2), (3, 2), (4, 2), (5, 2), (6, 2), (6, 3), (6, 4), (5, 4)]]","['right', 'down']"
28,"(2, 3)","(5, 6)",6,"[[(2, 3), (2, 4), (2, 5), (2, 6), (3, 6), (4, 6), (5, 6)]]","['right', 'down']"
29,"(2, 3)","(6, 2)",5,"[[(2, 3), (2, 2), (3, 2), (4, 2), (5, 2), (6, 2)]]","['right', 'up']"
30,"(2, 3)","(6, 3)",6,"[[(2, 3), (2, 2), (3, 2), (4, 2), (5, 2), (6, 2), (6, 3)]]",['right']
31,"(2, 3)","(6, 4)",7,"[[(2, 3), (2, 2), (3, 2), (4, 2), (5, 2), (6, 2), (6, 3), (6, 4)]]","['right', 'down']"
32,"(2, 3)","(6, 5)",8,"[[(2, 3), (2, 2), (3, 2), (4, 2), (5, 2), (6, 2), (6, 3), (6, 4), (6, 5)], [(2, 3), (2, 4), (2, 5), (2, 6), (3, 6), (4, 6), (5, 6), (6, 6), (6, 5)]]","['right', 'down']"
33,"(2, 3)","(6, 6)",7,"[[(2, 3), (2, 4), (2, 5), (2, 6), (3, 6), (4, 6), (5, 6), (6, 6)]]","['right', 'down']"
34,"(2, 4)","(2, 2)",2,"[[(2, 4), (2, 3), (2, 2)]]",
35,"(2, 4)","(2, 3)",1,"[[(2, 4), (2, 3)]]",
36,"(2, 4)","(2, 5)",1,"[[(2, 4), (2, 5)]]",
37,"(2, 4)","(2, 6)",2,"[[(2, 4), (2, 5), (2, 6)]]",
38,"(2, 4)","(3, 2)",3,"[[(2, 4), (2, 3), (2, 2), (3, 2)]]","['right', 'up']"
39,"(2, 4)","(3, 6)",3,"[[(2, 4), (2, 5), (2, 6), (3, 6)]]","['right', 'down']"
40,"(2, 4)","(4, 2)",4,"[[(2, 4), (2, 3), (2, 2), (3, 2), (4, 2)]]","['right', 'up']"
41,"(2, 4)","(4, 4)",10,"[[(2, 4), (2, 3), (2, 2), (3, 2), (4, 2), (5, 2), (6, 2), (6, 3), (6, 4), (5, 4), (4, 4)], [(2, 4), (2, 5), (2, 6), (3, 6), (4, 6), (5, 6), (6, 6), (6, 5), (6, 4), (5, 4), (4, 4)]]",['right']
42,"(2, 4)","(4, 6)",4,"[[(2, 4), (2, 5), (2, 6), (3, 6), (4, 6)]]","['right', 'down']"
43,"(2, 4)","(5, 2)",5,"[[(2, 4), (2, 3), (2, 2), (3, 2), (4, 2), (5, 2)]]","['right', 'up']"
44,"(2, 4)","(5, 4)",9,"[[(2, 4), (2, 3), (2, 2), (3, 2), (4, 2), (5, 2), (6, 2), (6, 3), (6, 4), (5, 4)], [(2, 4), (2, 5), (2, 6), (3, 6), (4, 6), (5, 6), (6, 6), (6, 5), (6, 4), (5, 4)]]",['right']
45,"(2, 4)","(5, 6)",5,"[[(2, 4), (2, 5), (2, 6), (3, 6), (4, 6), (5, 6)]]","['right', 'down']"
46,"(2, 4)","(6, 2)",6,"[[(2, 4), (2, 3), (2, 2), (3, 2), (4, 2), (5, 2), (6, 2)]]","['right', 'up']"
47,"(2, 4)","(6, 3)",7,"[[(2, 4), (2, 3), (2, 2), (3, 2), (4, 2), (5, 2), (6, 2), (6, 3)]]","['right', 'up']"
48,"(2, 4)","(6, 4)",8,"[[(2, 4), (2, 3), (2, 2), (3, 2), (4, 2), (5, 2), (6, 2), (6, 3), (6, 4)], [(2, 4), (2, 5), (2, 6), (3, 6), (4, 6), (5, 6), (6, 6), (6, 5), (6, 4)]]",['right']
49,"(2, 4)","(6, 5)",7,"[[(2, 4), (2, 5), (2, 6), (3, 6), (4, 6), (5, 6), (6, 6), (6, 5)]]","['right', 'down']"
50,"(2, 4)","(6, 6)",6,"[[(2, 4), (2, 5), (2, 6), (3, 6), (4, 6), (5, 6), (6, 6)]]","['right', 'down']"
51,"(2, 5)","(2, 2)",3,"[[(2, 5), (2, 4), (2, 3), (2, 2)]]",
52,"(2, 5)","(2, 3)",2,"[[(2, 5), (2, 4), (2, 3)]]",
53,"(2, 5)","(2, 4)",1,"[[(2, 5), (2, 4)]]",
54,"(2, 5)","(2, 6)",1,"[[(2, 5), (2, 6)]]",
55,"(2, 5)","(3, 2)",4,"[[(2, 5), (2, 4), (2, 3), (2, 2), (3, 2)]]","['right', 'up']"
56,"(2, 5)","(3, 6)",2,"[[(2, 5), (2, 6), (3, 6)]]","['right', 'down']"
57,"(2, 5)","(4, 2)",5,"[[(2, 5), (2, 4), (2, 3), (2, 2), (3, 2), (4, 2)]]","['right', 'up']"
58,"(2, 5)","(4, 4)",9,"[[(2, 5), (2, 6), (3, 6), (4, 6), (5, 6), (6, 6), (6, 5), (6, 4), (5, 4), (4, 4)]]","['right', 'up']"
59,"(2, 5)","(4, 6)",3,"[[(2, 5), (2, 6), (3, 6), (4, 6)]]","['right', 'down']"
60,"(2, 5)","(5, 2)",6,"[[(2, 5), (2, 4), (2, 3), (2, 2), (3, 2), (4, 2), (5, 2)]]","['right', 'up']"
61,"(2, 5)","(5, 4)",8,"[[(2, 5), (2, 6), (3, 6), (4, 6), (5, 6), (6, 6), (6, 5), (6, 4), (5, 4)]]","['right', 'up']"
62,"(2, 5)","(5, 6)",4,"[[(2, 5), (2, 6), (3, 6), (4, 6), (5, 6)]]","['right', 'down']"
63,"(2, 5)","(6, 2)",7,"[[(2, 5), (2, 4), (2, 3), (2, 2), (3, 2), (4, 2), (5, 2), (6, 2)]]","['right', 'up']"
64,"(2, 5)","(6, 3)",8,"[[(2, 5), (2, 4), (2, 3), (2, 2), (3, 2), (4, 2), (5, 2), (6, 2), (6, 3)], [(2, 5), (2, 6), (3, 6), (4, 6), (5, 6), (6, 6), (6, 5), (6, 4), (6, 3)]]","['right', 'up']"
65,"(2, 5)","(6, 4)",7,"[[(2, 5), (2, 6), (3, 6), (4, 6), (5, 6), (6, 6), (6, 5), (6, 4)]]","['right', 'up']"
66,"(2, 5)","(6, 5)",6,"[[(2, 5), (2, 6), (3, 6), (4, 6), (5, 6), (6, 6), (6, 5)]]",['right']
67,"(2, 5)","(6, 6)",5,"[[(2, 5), (2, 6), (3, 6), (4, 6), (5, 6), (6, 6)]]","['right', 'down']"
68,"(2, 6)","(2, 2)",4,"[[(2, 6), (2, 5), (2, 4), (2, 3), (2, 2)]]",
69,"(2, 6)","(2, 3)",3,"[[(2, 6), (2, 5), (2, 4), (2, 3)]]",
70,"(2, 6)","(2, 4)",2,"[[(2, 6), (2, 5), (2, 4)]]",
71,"(2, 6)","(2, 5)",1,"[[(2, 6), (2, 5)]]",
72,"(2, 6)","(3, 2)",5,"[[(2, 6), (2, 5), (2, 4), (2, 3), (2, 2), (3, 2)]]","['right', 'up']"
73,"(2, 6)","(3, 6)",1,"[[(2, 6), (3, 6)]]",['right']
74,"(2, 6)","(4, 2)",6,"[[(2, 6), (2, 5), (2, 4), (2, 3), (2, 2), (3, 2), (4, 2)]]","['right', 'up']"
75,"(2, 6)","(4, 4)",8,"[[(2, 6), (3, 6), (4, 6), (5, 6), (6, 6), (6, 5), (6, 4), (5, 4), (4, 4)]]","['right', 'up']"
76,"(2, 6)","(4, 6)",2,"[[(2, 6), (3, 6), (4, 6)]]",['right']
77,"(2, 6)","(5, 2)",7,"[[(2, 6), (2, 5), (2, 4), (2, 3), (2, 2), (3, 2), (4, 2), (5, 2)]]","['right', 'up']"
78,"(2, 6)","(5, 4)",7,"[[(2, 6), (3, 6), (4, 6), (5, 6), (6, 6), (6, 5), (6, 4), (5, 4)]]","['right', 'up']"
79,"(2, 6)","(5, 6)",3,"[[(2, 6), (3, 6), (4, 6), (5, 6)]]",['right']
80,"(2, 6)","(6, 2)",8,"[[(2, 6), (2, 5), (2, 4), (2, 3), (2, 2), (3, 2), (4, 2), (5, 2), (6, 2)], [(2, 6), (3, 6), (4, 6), (5, 6), (6, 6), (6, 5), (6, 4), (6, 3), (6, 2)]]","['right', 'up']"
81,"(2, 6)","(6, 3)",7,"[[(2, 6), (3, 6), (4, 6), (5, 6), (6, 6), (6, 5), (6, 4), (6, 3)]]","['right', 'up']"
82,"(2, 6)","(6, 4)",6,"[[(2, 6), (3, 6), (4, 6), (5, 6), (6, 6), (6, 5), (6, 4)]]","['right', 'up']"
83,"(2, 6)","(6, 5)",5,"[[(2, 6), (3, 6), (4, 6), (5, 6), (6, 6), (6, 5)]]","['right', 'up']"
84,"(2, 6)","(6, 6)",4,"[[(2, 6), (3, 6), (4, 6), (5, 6), (6, 6)]]",['right']
85,"(3, 2)","(2, 2)",1,"[[(3, 2), (2, 2)]]",['left']
86,"(3, 2)","(2, 3)",2,"[[(3, 2), (2, 2), (2, 3)]]","['left', 'down']"
87,"(3, 2)","(2, 4)",3,"[[(3, 2), (2, 2), (2, 3), (2, 4)]]","['left', 'down']"
88,"(3, 2)","(2, 5)",4,"[[(3, 2), (2, 2), (2, 3), (2, 4), (2, 5)]]","['left', 'down']"
89,"(3, 2)","(2, 6)",5,"[[(3, 2), (2, 2), (2, 3), (2, 4), (2, 5), (2, 6)]]","['left', 'down']"
90,"(3, 2)","(3, 6)",6,"[[(3, 2), (2, 2), (2, 3), (2, 4), (2, 5), (2, 6), (3, 6)]]",
91,"(3, 2)","(4, 2)",1,"[[(3, 2), (4, 2)]]",['right']
92,"(3, 2)","(4, 4)",7,"[[(3, 2), (4, 2), (5, 2), (6, 2), (6, 3), (6, 4), (5, 4), (4, 4)]]","['right', 'down']"
93,"(3, 2)","(4, 6)",7,"[[(3, 2), (2, 2), (2, 3), (2, 4), (2, 5), (2, 6), (3, 6), (4, 6)]]","['right', 'down']"
94,"(3, 2)","(5, 2)",2,"[[(3, 2), (4, 2), (5, 2)]]",['right']
95,"(3, 2)","(5, 4)",6,"[[(3, 2), (4, 2), (5, 2), (6, 2), (6, 3), (6, 4), (5, 4)]]","['right', 'down']"
96,"(3, 2)","(5, 6)",8,"[[(3, 2), (2, 2), (2, 3), (2, 4), (2, 5), (2, 6), (3, 6), (4, 6), (5, 6)], [(3, 2), (4, 2), (5, 2), (6, 2), (6, 3), (6, 4), (6, 5), (6, 6), (5, 6)]]","['right', 'down']"
97,"(3, 2)","(6, 2)",3,"[[(3, 2), (4, 2), (5, 2), (6, 2)]]",['right']
98,"(3, 2)","(6, 3)",4,"[[(3, 2), (4, 2), (5, 2), (6, 2), (6, 3)]]","['right', 'down']"
99,"(3, 2)","(6, 4)",5,"[[(3, 2), (4, 2), (5, 2), (6, 2), (6, 3), (6, 4)]]","['right', 'down']"
100,"(3, 2)","(6, 5)",6,"[[(3, 2), (4, 2), (5, 2), (6, 2), (6, 3), (6, 4), (6, 5)]]","['right', 'down']"
101,"(3, 2)","(6, 6)",7,"[[(3, 2), (4, 2), (5, 2), (6, 2), (6, 3), (6, 4), (6, 5), (6, 6)]]","['right', 'down']"
102,"(3, 6)","(2, 2)",5,"[[(3, 6), (2, 6), (2, 5), (2, 4), (2, 3), (2, 2)]]","['left', 'up']"
103,"(3, 6)","(2, 3)",4,"[[(3, 6), (2, 6), (2, 5), (2, 4), (2, 3)]]","['left', 'up']"
104,"(3, 6)","(2, 4)",3,"[[(3, 6), (2, 6), (2, 5), (2, 4)]]","['left', 'up']"
105,"(3, 6)","(2, 5)",2,"[[(3, 6), (2, 6), (2, 5)]]","['left', 'up']"
106,"(3, 6)","(2, 6)",1,"[[(3, 6), (2, 6)]]",['left']
107,"(3, 6)","(3, 2)",6,"[[(3, 6), (2, 6), (2, 5), (2, 4), (2, 3), (2, 2), (3, 2)]]",
108,"(3, 6)","(4, 2)",7,"[[(3, 6), (2, 6), (2, 5), (2, 4), (2, 3), (2, 2), (3, 2), (4, 2)]]","['right', 'up']"
109,"(3, 6)","(4, 4)",7,"[[(3, 6), (4, 6), (5, 6), (6, 6), (6, 5), (6, 4), (5, 4), (4, 4)]]","['right', 'up']"
110,"(3, 6)","(4, 6)",1,"[[(3, 6), (4, 6)]]",['right']
111,"(3, 6)","(5, 2)",8,"[[(3, 6), (2, 6), (2, 5), (2, 4), (2, 3), (2, 2), (3, 2), (4, 2), (5, 2)], [(3, 6), (4, 6), (5, 6), (6, 6), (6, 5), (6, 4), (6, 3), (6, 2), (5, 2)]]","['right', 'up']"
112,"(3, 6)","(5, 4)",6,"[[(3, 6), (4, 6), (5, 6), (6, 6), (6, 5), (6, 4), (5, 4)]]","['right', 'up']"
113,"(3, 6)","(5, 6)",2,"[[(3, 6), (4, 6), (5, 6)]]",['right']
114,"(3, 6)","(6, 2)",7,"[[(3, 6), (4, 6), (5, 6), (6, 6), (6, 5), (6, 4), (6, 3), (6, 2)]]","['right', 'up']"
115,"(3, 6)","(6, 3)",6,"[[(3, 6), (4, 6), (5, 6), (6, 6), (6, 5), (6, 4), (6, 3)]]","['right', 'up']"
116,"(3, 6)","(6, 4)",5,"[[(3, 6), (4, 6), (5, 6), (6, 6), (6, 5), (6, 4)]]","['right', 'up']"
117,"(3, 6)","(6, 5)",4,"[[(3, 6), (4, 6), (5, 6), (6, 6), (6, 5)]]","['right', 'up']"
118,"(3, 6)","(6, 6)",3,"[[(3, 6), (4, 6), (5, 6), (6, 6)]]",['right']
119,"(4, 2)","(2, 2)",2,"[[(4, 2), (3, 2), (2, 2)]]",['left']
120,"(4, 2)","(2, 3)",3,"[[(4, 2), (3, 2), (2, 2), (2, 3)]]","['left', 'down']"
121,"(4, 2)","(2, 4)",4,"[[(4, 2), (3, 2), (2, 2), (2, 3), (2, 4)]]","['left', 'down']"
122,"(4, 2)","(2, 5)",5,"[[(4, 2), (3, 2), (2, 2), (2, 3), (2, 4), (2, 5)]]","['left', 'down']"
123,"(4, 2)","(2, 6)",6,"[[(4, 2), (3, 2), (2, 2), (2, 3), (2, 4), (2, 5), (2, 6)]]","['left', 'down']"
124,"(4, 2)","(3, 2)",1,"[[(4, 2), (3, 2)]]",['left']
125,"(4, 2)","(3, 6)",7,"[[(4, 2), (3, 2), (2, 2), (2, 3), (2, 4), (2, 5), (2, 6), (3, 6)]]","['left', 'down']"
126,"(4, 2)","(4, 4)",6,"[[(4, 2), (5, 2), (6, 2), (6, 3), (6, 4), (5, 4), (4, 4)]]",
127,"(4, 2)","(4, 6)",8,"[[(4, 2), (3, 2), (2, 2), (2, 3), (2, 4), (2, 5), (2, 6), (3, 6), (4, 6)], [(4, 2), (5, 2), (6, 2), (6, 3), (6, 4), (6, 5), (6, 6), (5, 6), (4, 6)]]",
128,"(4, 2)","(5, 2)",1,"[[(4, 2), (5, 2)]]",['right']
129,"(4, 2)","(5, 4)",5,"[[(4, 2), (5, 2), (6, 2), (6, 3), (6, 4), (5, 4)]]","['right', 'down']"
130,"(4, 2)","(5, 6)",7,"[[(4, 2), (5, 2), (6, 2), (6, 3), (6, 4), (6, 5), (6, 6), (5, 6)]]","['right', 'down']"
131,"(4, 2)","(6, 2)",2,"[[(4, 2), (5, 2), (6, 2)]]",['right']
132,"(4, 2)","(6, 3)",3,"[[(4, 2), (5, 2), (6, 2), (6, 3)]]","['right', 'down']"
133,"(4, 2)","(6, 4)",4,"[[(4, 2), (5, 2), (6, 2), (6, 3), (6, 4)]]","['right', 'down']"
134,"(4, 2)","(6, 5)",5,"[[(4, 2), (5, 2), (6, 2), (6, 3), (6, 4), (6, 5)]]","['right', 'down']"
135,"(4, 2)","(6, 6)",6,"[[(4, 2), (5, 2), (6, 2), (6, 3), (6, 4), (6, 5), (6, 6)]]","['right', 'down']"
136,"(4, 4)","(2, 2)",8,"[[(4, 4), (5, 4), (6, 4), (6, 3), (6, 2), (5, 2), (4, 2), (3, 2), (2, 2)]]","['left', 'up']"
137,"(4, 4)","(2, 3)",9,"[[(4, 4), (5, 4), (6, 4), (6, 3), (6, 2), (5, 2), (4, 2), (3, 2), (2, 2), (2, 3)]]","['left', 'up']"
138,"(4, 4)","(2, 4)",10,"[[(4, 4), (5, 4), (6, 4), (6, 3), (6, 2), (5, 2), (4, 2), (3, 2), (2, 2), (2, 3), (2, 4)], [(4, 4), (5, 4), (6, 4), (6, 5), (6, 6), (5, 6), (4, 6), (3, 6), (2, 6), (2, 5), (2, 4)]]",['left']
139,"(4, 4)","(2, 5)",9,"[[(4, 4), (5, 4), (6, 4), (6, 5), (6, 6), (5, 6), (4, 6), (3, 6), (2, 6), (2, 5)]]","['left', 'down']"
140,"(4, 4)","(2, 6)",8,"[[(4, 4), (5, 4), (6, 4), (6, 5), (6, 6), (5, 6), (4, 6), (3, 6), (2, 6)]]","['left', 'down']"
141,"(4, 4)","(3, 2)",7,"[[(4, 4), (5, 4), (6, 4), (6, 3), (6, 2), (5, 2), (4, 2), (3, 2)]]","['left', 'up']"
142,"(4, 4)","(3, 6)",7,"[[(4, 4), (5, 4), (6, 4), (6, 5), (6, 6), (5, 6), (4, 6), (3, 6)]]","['left', 'down']"
143,"(4, 4)","(4, 2)",6,"[[(4, 4), (5, 4), (6, 4), (6, 3), (6, 2), (5, 2), (4, 2)]]",
144,"(4, 4)","(4, 6)",6,"[[(4, 4), (5, 4), (6, 4), (6, 5), (6, 6), (5, 6), (4, 6)]]",
145,"(4, 4)","(5, 2)",5,"[[(4, 4), (5, 4), (6, 4), (6, 3), (6, 2), (5, 2)]]","['right', 'up']"
146,"(4, 4)","(5, 4)",1,"[[(4, 4), (5, 4)]]",['right']
147,"(4, 4)","(5, 6)",5,"[[(4, 4), (5, 4), (6, 4), (6, 5), (6, 6), (5, 6)]]","['right', 'down']"
148,"(4, 4)","(6, 2)",4,"[[(4, 4), (5, 4), (6, 4), (6, 3), (6, 2)]]","['right', 'up']"
149,"(4, 4)","(6, 3)",3,"[[(4, 4), (5, 4), (6, 4), (6, 3)]]","['right', 'up']"
150,"(4, 4)","(6, 4)",2,"[[(4, 4), (5, 4), (6, 4)]]",['right']
151,"(4, 4)","(6, 5)",3,"[[(4, 4), (5, 4), (6, 4), (6, 5)]]","['right', 'down']"
152,"(4, 4)","(6, 6)",4,"[[(4, 4), (5, 4), (6, 4), (6, 5), (6, 6)]]","['right', 'down']"
153,"(4, 6)","(2, 2)",6,"[[(4, 6), (3, 6), (2, 6), (2, 5), (2, 4), (2, 3), (2, 2)]]","['left', 'up']"
154,"(4, 6)","(2, 3)",5,"[[(4, 6), (3, 6), (2, 6), (2, 5), (2, 4), (2, 3)]]","['left', 'up']"
155,"(4, 6)","(2, 4)",4,"[[(4, 6), (3, 6), (2, 6), (2, 5), (2, 4)]]","['left', 'up']"
156,"(4, 6)","(2, 5)",3,"[[(4, 6), (3, 6), (2, 6), (2, 5)]]","['left', 'up']"
157,"(4, 6)","(2, 6)",2,"[[(4, 6), (3, 6), (2, 6)]]",['left']
158,"(4, 6)","(3, 2)",7,"[[(4, 6), (3, 6), (2, 6), (2, 5), (2, 4), (2, 3), (2, 2), (3, 2)]]","['left', 'up']"
159,"(4, 6)","(3, 6)",1,"[[(4, 6), (3, 6)]]",['left']
160,"(4, 6)","(4, 2)",8,"[[(4, 6), (3, 6), (2, 6), (2, 5), (2, 4), (2, 3), (2, 2), (3, 2), (4, 2)], [(4, 6), (5, 6), (6, 6), (6, 5), (6, 4), (6, 3), (6, 2), (5, 2), (4, 2)]]",
161,"(4, 6)","(4, 4)",6,"[[(4, 6), (5, 6), (6, 6), (6, 5), (6, 4), (5, 4), (4, 4)]]",
162,"(4, 6)","(5, 2)",7,"[[(4, 6), (5, 6), (6, 6), (6, 5), (6, 4), (6, 3), (6, 2), (5, 2)]]","['right', 'up']"
163,"(4, 6)","(5, 4)",5,"[[(4, 6), (5, 6), (6, 6), (6, 5), (6, 4), (5, 4)]]","['right', 'up']"
164,"(4, 6)","(5, 6)",1,"[[(4, 6), (5, 6)]]",['right']
165,"(4, 6)","(6, 2)",6,"[[(4, 6), (5, 6), (6, 6), (6, 5), (6, 4), (6, 3), (6, 2)]]","['right', 'up']"
166,"(4, 6)","(6, 3)",5,"[[(4, 6), (5, 6), (6, 6), (6, 5), (6, 4), (6, 3)]]","['right', 'up']"
167,"(4, 6)","(6, 4)",4,"[[(4, 6), (5, 6), (6, 6), (6, 5), (6, 4)]]","['right', 'up']"
168,"(4, 6)","(6, 5)",3,"[[(4, 6), (5, 6), (6, 6), (6, 5)]]","['right', 'up']"
169,"(4, 6)","(6, 6)",2,"[[(4, 6), (5, 6), (6, 6)]]",['right']
170,"(5, 2)","(2, 2)",3,"[[(5, 2), (4, 2), (3, 2), (2, 2)]]",['left']
171,"(5, 2)","(2, 3)",4,"[[(5, 2), (4, 2), (3, 2), (2, 2), (2, 3)]]","['left', 'down']"
172,"(5, 2)","(2, 4)",5,"[[(5, 2), (4, 2), (3, 2), (2, 2), (2, 3), (2, 4)]]","['left', 'down']"
173,"(5, 2)","(2, 5)",6,"[[(5, 2), (4, 2), (3, 2), (2, 2), (2, 3), (2, 4), (2, 5)]]","['left', 'down']"
174,"(5, 2)","(2, 6)",7,"[[(5, 2), (4, 2), (3, 2), (2, 2), (2, 3), (2, 4), (2, 5), (2, 6)]]","['left', 'down']"
175,"(5, 2)","(3, 2)",2,"[[(5, 2), (4, 2), (3, 2)]]",['left']
176,"(5, 2)","(3, 6)",8,"[[(5, 2), (4, 2), (3, 2), (2, 2), (2, 3), (2, 4), (2, 5), (2, 6), (3, 6)], [(5, 2), (6, 2), (6, 3), (6, 4), (6, 5), (6, 6), (5, 6), (4, 6), (3, 6)]]","['left', 'down']"
177,"(5, 2)","(4, 2)",1,"[[(5, 2), (4, 2)]]",['left']
178,"(5, 2)","(4, 4)",5,"[[(5, 2), (6, 2), (6, 3), (6, 4), (5, 4), (4, 4)]]","['left', 'down']"
179,"(5, 2)","(4, 6)",7,"[[(5, 2), (6, 2), (6, 3), (6, 4), (6, 5), (6, 6), (5, 6), (4, 6)]]","['left', 'down']"
180,"(5, 2)","(5, 4)",4,"[[(5, 2), (6, 2), (6, 3), (6, 4), (5, 4)]]",
181,"(5, 2)","(5, 6)",6,"[[(5, 2), (6, 2), (6, 3), (6, 4), (6, 5), (6, 6), (5, 6)]]",
182,"(5, 2)","(6, 2)",1,"[[(5, 2), (6, 2)]]",['right']
183,"(5, 2)","(6, 3)",2,"[[(5, 2), (6, 2), (6, 3)]]","['right', 'down']"
184,"(5, 2)","(6, 4)",3,"[[(5, 2), (6, 2), (6, 3), (6, 4)]]","['right', 'down']"
185,"(5, 2)","(6, 5)",4,"[[(5, 2), (6, 2), (6, 3), (6, 4), (6, 5)]]","['right', 'down']"
186,"(5, 2)","(6, 6)",5,"[[(5, 2), (6, 2), (6, 3), (6, 4), (6, 5), (6, 6)]]","['right', 'down']"
187,"(5, 4)","(2, 2)",7,"[[(5, 4), (6, 4), (6, 3), (6, 2), (5, 2), (4, 2), (3, 2), (2, 2)]]","['left', 'up']"
188,"(5, 4)","(2, 3)",8,"[[(5, 4), (6, 4), (6, 3), (6, 2), (5, 2), (4, 2), (3, 2), (2, 2), (2, 3)]]","['left', 'up']"
189,"(5, 4)","(2, 4)",9,"[[(5, 4), (6, 4), (6, 3), (6, 2), (5, 2), (4, 2), (3, 2), (2, 2), (2, 3), (2, 4)], [(5, 4), (6, 4), (6, 5), (6, 6), (5, 6), (4, 6), (3, 6), (2, 6), (2, 5), (2, 4)]]",['left']
190,"(5, 4)","(2, 5)",8,"[[(5, 4), (6, 4), (6, 5), (6, 6), (5, 6), (4, 6), (3, 6), (2, 6), (2, 5)]]","['left', 'down']"
191,"(5, 4)","(2, 6)",7,"[[(5, 4), (6, 4), (6, 5), (6, 6), (5, 6), (4, 6), (3, 6), (2, 6)]]","['left', 'down']"
192,"(5, 4)","(3, 2)",6,"[[(5, 4), (6, 4), (6, 3), (6, 2), (5, 2), (4, 2), (3, 2)]]","['left', 'up']"
193,"(5, 4)","(3, 6)",6,"[[(5, 4), (6, 4), (6, 5), (6, 6), (5, 6), (4, 6), (3, 6)]]","['left', 'down']"
194,"(5, 4)","(4, 2)",5,"[[(5, 4), (6, 4), (6, 3), (6, 2), (5, 2), (4, 2)]]","['left', 'up']"
195,"(5, 4)","(4, 4)",1,"[[(5, 4), (4, 4)]]",['left']
196,"(5, 4)","(4, 6)",5,"[[(5, 4), (6, 4), (6, 5), (6, 6), (5, 6), (4, 6)]]","['left', 'down']"
197,"(5, 4)","(5, 2)",4,"[[(5, 4), (6, 4), (6, 3), (6, 2), (5, 2)]]",
198,"(5, 4)","(5, 6)",4,"[[(5, 4), (6, 4), (6, 5), (6, 6), (5, 6)]]",
199,"(5, 4)","(6, 2)",3,"[[(5, 4), (6, 4), (6, 3), (6, 2)]]","['right', 'up']"
200,"(5, 4)","(6, 3)",2,"[[(5, 4), (6, 4), (6, 3)]]","['right', 'up']"
201,"(5, 4)","(6, 4)",1,"[[(5, 4), (6, 4)]]",['right']
202,"(5, 4)","(6, 5)",2,"[[(5, 4), (6, 4), (6, 5)]]","['right', 'down']"
203,"(5, 4)","(6, 6)",3,"[[(5, 4), (6, 4), (6, 5), (6, 6)]]","['right', 'down']"
204,"(5, 6)","(2, 2)",7,"[[(5, 6), (4, 6), (3, 6), (2, 6), (2, 5), (2, 4), (2, 3), (2, 2)]]","['left', 'up']"
205,"(5, 6)","(2, 3)",6,"[[(5, 6), (4, 6), (3, 6), (2, 6), (2, 5), (2, 4), (2, 3)]]","['left', 'up']"
206,"(5, 6)","(2, 4)",5,"[[(5, 6), (4, 6), (3, 6), (2, 6), (2, 5), (2, 4)]]","['left', 'up']"
207,"(5, 6)","(2, 5)",4,"[[(5, 6), (4, 6), (3, 6), (2, 6), (2, 5)]]","['left', 'up']"
208,"(5, 6)","(2, 6)",3,"[[(5, 6), (4, 6), (3, 6), (2, 6)]]",['left']
209,"(5, 6)","(3, 2)",8,"[[(5, 6), (4, 6), (3, 6), (2, 6), (2, 5), (2, 4), (2, 3), (2, 2), (3, 2)], [(5, 6), (6, 6), (6, 5), (6, 4), (6, 3), (6, 2), (5, 2), (4, 2), (3, 2)]]","['left', 'up']"
210,"(5, 6)","(3, 6)",2,"[[(5, 6), (4, 6), (3, 6)]]",['left']
211,"(5, 6)","(4, 2)",7,"[[(5, 6), (6, 6), (6, 5), (6, 4), (6, 3), (6, 2), (5, 2), (4, 2)]]","['left', 'up']"
212,"(5, 6)","(4, 4)",5,"[[(5, 6), (6, 6), (6, 5), (6, 4), (5, 4), (4, 4)]]","['left', 'up']"
213,"(5, 6)","(4, 6)",1,"[[(5, 6), (4, 6)]]",['left']
214,"(5, 6)","(5, 2)",6,"[[(5, 6), (6, 6), (6, 5), (6, 4), (6, 3), (6, 2), (5, 2)]]",
215,"(5, 6)","(5, 4)",4,"[[(5, 6), (6, 6), (6, 5), (6, 4), (5, 4)]]",
216,"(5, 6)","(6, 2)",5,"[[(5, 6), (6, 6), (6, 5), (6, 4), (6, 3), (6, 2)]]","['right', 'up']"
217,"(5, 6)","(6, 3)",4,"[[(5, 6), (6, 6), (6, 5), (6, 4), (6, 3)]]","['right', 'up']"
218,"(5, 6)","(6, 4)",3,"[[(5, 6), (6, 6), (6, 5), (6, 4)]]","['right', 'up']"
219,"(5, 6)","(6, 5)",2,"[[(5, 6), (6, 6), (6, 5)]]","['right', 'up']"
220,"(5, 6)","(6, 6)",1,"[[(5, 6), (6, 6)]]",['right']
221,"(6, 2)","(2, 2)",4,"[[(6, 2), (5, 2), (4, 2), (3, 2), (2, 2)]]",['left']
222,"(6, 2)","(2, 3)",5,"[[(6, 2), (5, 2), (4, 2), (3, 2), (2, 2), (2, 3)]]","['left', 'down']"
223,"(6, 2)","(2, 4)",6,"[[(6, 2), (5, 2), (4, 2), (3, 2), (2, 2), (2, 3), (2, 4)]]","['left', 'down']"
224,"(6, 2)","(2, 5)",7,"[[(6, 2), (5, 2), (4, 2), (3, 2), (2, 2), (2, 3), (2, 4), (2, 5)]]","['left', 'down']"
225,"(6, 2)","(2, 6)",8,"[[(6, 2), (5, 2), (4, 2), (3, 2), (2, 2), (2, 3), (2, 4), (2, 5), (2, 6)], [(6, 2), (6, 3), (6, 4), (6, 5), (6, 6), (5, 6), (4, 6), (3, 6), (2, 6)]]","['left', 'down']"
226,"(6, 2)","(3, 2)",3,"[[(6, 2), (5, 2), (4, 2), (3, 2)]]",['left']
227,"(6, 2)","(3, 6)",7,"[[(6, 2), (6, 3), (6, 4), (6, 5), (6, 6), (5, 6), (4, 6), (3, 6)]]","['left', 'down']"
228,"(6, 2)","(4, 2)",2,"[[(6, 2), (5, 2), (4, 2)]]",['left']
229,"(6, 2)","(4, 4)",4,"[[(6, 2), (6, 3), (6, 4), (5, 4), (4, 4)]]","['left', 'down']"
230,"(6, 2)","(4, 6)",6,"[[(6, 2), (6, 3), (6, 4), (6, 5), (6, 6), (5, 6), (4, 6)]]","['left', 'down']"
231,"(6, 2)","(5, 2)",1,"[[(6, 2), (5, 2)]]",['left']
232,"(6, 2)","(5, 4)",3,"[[(6, 2), (6, 3), (6, 4), (5, 4)]]","['left', 'down']"
233,"(6, 2)","(5, 6)",5,"[[(6, 2), (6, 3), (6, 4), (6, 5), (6, 6), (5, 6)]]","['left', 'down']"
234,"(6, 2)","(6, 3)",1,"[[(6, 2), (6, 3)]]",
235,"(6, 2)","(6, 4)",2,"[[(6, 2), (6, 3), (6, 4)]]",
236,"(6, 2)","(6, 5)",3,"[[(6, 2), (6, 3), (6, 4), (6, 5)]]",
237,"(6, 2)","(6, 6)",4,"[[(6, 2), (6, 3), (6, 4), (6, 5), (6, 6)]]",
238,"(6, 3)","(2, 2)",5,"[[(6, 3), (6, 2), (5, 2), (4, 2), (3, 2), (2, 2)]]","['left', 'up']"
239,"(6, 3)","(2, 3)",6,"[[(6, 3), (6, 2), (5, 2), (4, 2), (3, 2), (2, 2), (2, 3)]]",['left']
240,"(6, 3)","(2, 4)",7,"[[(6, 3), (6, 2), (5, 2), (4, 2), (3, 2), (2, 2), (2, 3), (2, 4)]]","['left', 'down']"
241,"(6, 3)","(2, 5)",8,"[[(6, 3), (6, 2), (5, 2), (4, 2), (3, 2), (2, 2), (2, 3), (2, 4), (2, 5)], [(6, 3), (6, 4), (6, 5), (6, 6), (5, 6), (4, 6), (3, 6), (2, 6), (2, 5)]]","['left', 'down']"
242,"(6, 3)","(2, 6)",7,"[[(6, 3), (6, 4), (6, 5), (6, 6), (5, 6), (4, 6), (3, 6), (2, 6)]]","['left', 'down']"
243,"(6, 3)","(3, 2)",4,"[[(6, 3), (6, 2), (5, 2), (4, 2), (3, 2)]]","['left', 'up']"
244,"(6, 3)","(3, 6)",6,"[[(6, 3), (6, 4), (6, 5), (6, 6), (5, 6), (4, 6), (3, 6)]]","['left', 'down']"
245,"(6, 3)","(4, 2)",3,"[[(6, 3), (6, 2), (5, 2), (4, 2)]]","['left', 'up']"
246,"(6, 3)","(4, 4)",3,"[[(6, 3), (6, 4), (5, 4), (4, 4)]]","['left', 'down']"
247,"(6, 3)","(4, 6)",5,"[[(6, 3), (6, 4), (6, 5), (6, 6), (5, 6), (4, 6)]]","['left', 'down']"
248,"(6, 3)","(5, 2)",2,"[[(6, 3), (6, 2), (5, 2)]]","['left', 'up']"
249,"(6, 3)","(5, 4)",2,"[[(6, 3), (6, 4), (5, 4)]]","['left', 'down']"
250,"(6, 3)","(5, 6)",4,"[[(6, 3), (6, 4), (6, 5), (6, 6), (5, 6)]]","['left', 'down']"
251,"(6, 3)","(6, 2)",1,"[[(6, 3), (6, 2)]]",
252,"(6, 3)","(6, 4)",1,"[[(6, 3), (6, 4)]]",
253,"(6, 3)","(6, 5)",2,"[[(6, 3), (6, 4), (6, 5)]]",
254,"(6, 3)","(6, 6)",3,"[[(6, 3), (6, 4), (6, 5), (6, 6)]]",
255,"(6, 4)","(2, 2)",6,"[[(6, 4), (6, 3), (6, 2), (5, 2), (4, 2), (3, 2), (2, 2)]]","['left', 'up']"
256,"(6, 4)","(2, 3)",7,"[[(6, 4), (6, 3), (6, 2), (5, 2), (4, 2), (3, 2), (2, 2), (2, 3)]]","['left', 'up']"
257,"(6, 4)","(2, 4)",8,"[[(6, 4), (6, 3), (6, 2), (5, 2), (4, 2), (3, 2), (2, 2), (2, 3), (2, 4)], [(6, 4), (6, 5), (6, 6), (5, 6), (4, 6), (3, 6), (2, 6), (2, 5), (2, 4)]]",['left']
258,"(6, 4)","(2, 5)",7,"[[(6, 4), (6, 5), (6, 6), (5, 6), (4, 6), (3, 6), (2, 6), (2, 5)]]","['left', 'down']"
259,"(6, 4)","(2, 6)",6,"[[(6, 4), (6, 5), (6, 6), (5, 6), (4, 6), (3, 6), (2, 6)]]","['left', 'down']"
260,"(6, 4)","(3, 2)",5,"[[(6, 4), (6, 3), (6, 2), (5, 2), (4, 2), (3, 2)]]","['left', 'up']"
261,"(6, 4)","(3, 6)",5,"[[(6, 4), (6, 5), (6, 6), (5, 6), (4, 6), (3, 6)]]","['left', 'down']"
262,"(6, 4)","(4, 2)",4,"[[(6, 4), (6, 3), (6, 2), (5, 2), (4, 2)]]","['left', 'up']"
263,"(6, 4)","(4, 4)",2,"[[(6, 4), (5, 4), (4, 4)]]",['left']
264,"(6, 4)","(4, 6)",4,"[[(6, 4), (6, 5), (6, 6), (5, 6), (4, 6)]]","['left', 'down']"
265,"(6, 4)","(5, 2)",3,"[[(6, 4), (6, 3), (6, 2), (5, 2)]]","['left', 'up']"
266,"(6, 4)","(5, 4)",1,"[[(6, 4), (5, 4)]]",['left']
267,"(6, 4)","(5, 6)",3,"[[(6, 4), (6, 5), (6, 6), (5, 6)]]","['left', 'down']"
268,"(6, 4)","(6, 2)",2,"[[(6, 4), (6, 3), (6, 2)]]",
269,"(6, 4)","(6, 3)",1,"[[(6, 4), (6, 3)]]",
270,"(6, 4)","(6, 5)",1,"[[(6, 4), (6, 5)]]",
271,"(6, 4)","(6, 6)",2,"[[(6, 4), (6, 5), (6, 6)]]",
272,"(6, 5)","(2, 2)",7,"[[(6, 5), (6, 4), (6, 3), (6, 2), (5, 2), (4, 2), (3, 2), (2, 2)]]","['left', 'up']"
273,"(6, 5)","(2, 3)",8,"[[(6, 5), (6, 4), (6, 3), (6, 2), (5, 2), (4, 2), (3, 2), (2, 2), (2, 3)], [(6, 5), (6, 6), (5, 6), (4, 6), (3, 6), (2, 6), (2, 5), (2, 4), (2, 3)]]","['left', 'up']"
274,"(6, 5)","(2, 4)",7,"[[(6, 5), (6, 6), (5, 6), (4, 6), (3, 6), (2, 6), (2, 5), (2, 4)]]","['left', 'up']"
275,"(6, 5)","(2, 5)",6,"[[(6, 5), (6, 6), (5, 6), (4, 6), (3, 6), (2, 6), (2, 5)]]",['left']
276,"(6, 5)","(2, 6)",5,"[[(6, 5), (6, 6), (5, 6), (4, 6), (3, 6), (2, 6)]]","['left', 'down']"
277,"(6, 5)","(3, 2)",6,"[[(6, 5), (6, 4), (6, 3), (6, 2), (5, 2), (4, 2), (3, 2)]]","['left', 'up']"
278,"(6, 5)","(3, 6)",4,"[[(6, 5), (6, 6), (5, 6), (4, 6), (3, 6)]]","['left', 'down']"
279,"(6, 5)","(4, 2)",5,"[[(6, 5), (6, 4), (6, 3), (6, 2), (5, 2), (4, 2)]]","['left', 'up']"
280,"(6, 5)","(4, 4)",3,"[[(6, 5), (6, 4), (5, 4), (4, 4)]]","['left', 'up']"
281,"(6, 5)","(4, 6)",3,"[[(6, 5), (6, 6), (5, 6), (4, 6)]]","['left', 'down']"
282,"(6, 5)","(5, 2)",4,"[[(6, 5), (6, 4), (6, 3), (6, 2), (5, 2)]]","['left', 'up']"
283,"(6, 5)","(5, 4)",2,"[[(6, 5), (6, 4), (5, 4)]]","['left', 'up']"
284,"(6, 5)","(5, 6)",2,"[[(6, 5), (6, 6), (5, 6)]]","['left', 'down']"
285,"(6, 5)","(6, 2)",3,"[[(6, 5), (6, 4), (6, 3), (6, 2)]]",
286,"(6, 5)","(6, 3)",2,"[[(6, 5), (6, 4), (6, 3)]]",
287,"(6, 5)","(6, 4)",1,"[[(6, 5), (6, 4)]]",
288,"(6, 5)","(6, 6)",1,"[[(6, 5), (6, 6)]]",
289,"(6, 6)","(2, 2)",8,"[[(6, 6), (5, 6), (4, 6), (3, 6), (2, 6), (2, 5), (2, 4), (2, 3), (2, 2)], [(6, 6), (6, 5), (6, 4), (6, 3), (6, 2), (5, 2), (4, 2), (3, 2), (2, 2)]]","['left', 'up']"
290,"(6, 6)","(2, 3)",7,"[[(6, 6), (5, 6), (4, 6), (3, 6), (2, 6), (2, 5), (2, 4), (2, 3)]]","['left', 'up']"
291,"(6, 6)","(2, 4)",6,"[[(6, 6), (5, 6), (4, 6), (3, 6), (2, 6), (2, 5), (2, 4)]]","['left', 'up']"
292,"(6, 6)","(2, 5)",5,"[[(6, 6), (5, 6), (4, 6), (3, 6), (2, 6), (2, 5)]]","['left', 'up']"
293,"(6, 6)","(2, 6)",4,"[[(6, 6), (5, 6), (4, 6), (3, 6), (2, 6)]]",['left']
294,"(6, 6)","(3, 2)",7,"[[(6, 6), (6, 5), (6, 4), (6, 3), (6, 2), (5, 2), (4, 2), (3, 2)]]","['left', 'up']"
295,"(6, 6)","(3, 6)",3,"[[(6, 6), (5, 6), (4, 6), (3, 6)]]",['left']
296,"(6, 6)","(4, 2)",6,"[[(6, 6), (6, 5), (6, 4), (6, 3), (6, 2), (5, 2), (4, 2)]]","['left', 'up']"
297,"(6, 6)","(4, 4)",4,"[[(6, 6), (6, 5), (6, 4), (5, 4), (4, 4)]]","['left', 'up']"
298,"(6, 6)","(4, 6)",2,"[[(6, 6), (5, 6), (4, 6)]]",['left']
299,"(6, 6)","(5, 2)",5,"[[(6, 6), (6, 5), (6, 4), (6, 3), (6, 2), (5, 2)]]","['left', 'up']"
300,"(6, 6)","(5, 4)",3,"[[(6, 6), (6, 5), (6, 4), (5, 4)]]","['left', 'up']"
301,"(6, 6)","(5, 6)",1,"[[(6, 6), (5, 6)]]",['left']
302,"(6, 6)","(6, 2)",4,"[[(6, 6), (6, 5), (6, 4), (6, 3), (6, 2)]]",
303,"(6, 6)","(6, 3)",3,"[[(6, 6), (6, 5), (6, 4), (6, 3)]]",
304,"(6, 6)","(6, 4)",2,"[[(6, 6), (6, 5), (6, 4)]]",
305,"(6, 6)","(6, 5)",1,"[[(6, 6), (6, 5)]]",
